feature,importance
Weight,0.34904590296083654
Height,0.10050577716251102
FCVC,0.0908021231823424
Age,0.09064793762065905
Gender,0.06280411589483526
NCP,0.05038428397408589
TUE,0.04519413607379783
FAF,0.041637107711911245
CH2O,0.039335315968842585
CAEC,0.03147979839267752
family_history,0.028996995700630048
CALC,0.02677662533533627
MTRANS,0.018055890003310586
FAVC,0.01719824897982701
SCC,0.005166354635826066
SMOKE,0.0019693864025707637
