feature,importance
Weight,0.33789710102272247
Age,0.09412867587614787
Height,0.09194582646576921
FCVC,0.08852558721807481
Gender,0.0637447597886006
NCP,0.05151990959534694
FAF,0.044525309915675576
TUE,0.04344701810304077
CH2O,0.040842879803108835
family_history,0.03346678229376197
CALC,0.03269640686065202
CAEC,0.031943211265469805
MTRANS,0.019571614425410593
FAVC,0.017563313889230825
SCC,0.006053881058222561
SMOKE,0.002127722418765201
